Agency,CCE,PVOwn,3rdOwn
Apple Valley,0.975796572,0.010564965,0.013638463
San Francisco,0.992635874,0.006151679,0.001212447
Lancaster,0.988955965,0.005574296,0.00546974
MCE,0.96957836,0.018537081,0.01188456
Peninsula,0.982292333,0.010805895,0.006901772
Redwood Coast,0.990297818,0.0087685,0.000933683
Silicon Valley,0.971269612,0.01629105,0.012439337
Sonoma,0.982867165,0.011216801,0.005916034
