Agency,House
Apple Valley,11548.77425
San Francisco,100622.9344
Lancaster,20693.29833
MCE,240059.3771
Peninsula,111420.661
Redwood Coast,24633.633
Silicon Valley,247682.0041
Sonoma,105645.0942
